{"cameraMode":{"drawMode":0,"name":"Shaded","section":"Shading Mode"},"sceneLighting":false,"audioPlay":false,"sceneViewState":{"showFog":true,"showMaterialUpdate":false,"showSkybox":true,"showFlares":true,"showImageEffects":true,"showParticleSystems":true},"in2DMode":false,"pivot":{"x":696.5000610351563,"y":373.53271484375,"z":-82.75770568847656},"rotation":{"x":0.060163117945194247,"y":0.06033528968691826,"z":-0.003654793370515108,"w":0.9964002966880798},"size":375.4895935058594,"orthographic":false}