{"cameraMode":{"drawMode":0,"name":"Shaded","section":"Shading Mode"},"sceneLighting":false,"audioPlay":false,"sceneViewState":{"showFog":true,"showMaterialUpdate":false,"showSkybox":false,"showFlares":true,"showImageEffects":true,"showParticleSystems":true},"in2DMode":false,"pivot":{"x":-177.75753784179688,"y":0.7038114070892334,"z":-4.556866645812988},"rotation":{"x":-0.3228673040866852,"y":0.017960259690880777,"z":-0.006144572515040636,"w":-0.9462859630584717},"size":5.052297592163086,"orthographic":false}