{"cameraMode":{"drawMode":0,"name":"Shaded","section":"Shading Mode"},"sceneLighting":false,"audioPlay":false,"sceneViewState":{"showFog":true,"showMaterialUpdate":false,"showSkybox":false,"showFlares":true,"showImageEffects":true,"showParticleSystems":true},"in2DMode":false,"pivot":{"x":39.498382568359378,"y":2.9838039875030519,"z":23.531309127807618},"rotation":{"x":0.22303801774978639,"y":-0.6482516527175903,"z":0.20715738832950593,"w":0.6979418396949768},"size":2.75201678276062,"orthographic":false}