{"cameraMode":{"drawMode":0,"name":"Shaded","section":"Shading Mode"},"sceneLighting":false,"audioPlay":false,"sceneViewState":{"showFog":true,"showMaterialUpdate":false,"showSkybox":false,"showFlares":true,"showImageEffects":true,"showParticleSystems":true},"in2DMode":false,"pivot":{"x":3.509999990463257,"y":5.625,"z":18.11576271057129},"rotation":{"x":0.25029441714286806,"y":-0.6567728519439697,"z":0.24632006883621217,"w":0.6673774123191834},"size":1.3983650207519532,"orthographic":false}