{"cameraMode":{"drawMode":0,"name":"Shaded","section":"Shading Mode"},"sceneLighting":false,"audioPlay":false,"sceneViewState":{"showFog":true,"showMaterialUpdate":false,"showSkybox":false,"showFlares":true,"showImageEffects":true,"showParticleSystems":true},"in2DMode":false,"pivot":{"x":4.875513553619385,"y":2.790916681289673,"z":1.03487229347229},"rotation":{"x":-0.1216169148683548,"y":-0.8096871972084045,"z":0.1804024875164032,"w":-0.5451560616493225},"size":4.665161609649658,"orthographic":false}