{"cameraMode":{"drawMode":0,"name":"Shaded","section":"Shading Mode"},"sceneLighting":false,"audioPlay":false,"sceneViewState":{"showFog":true,"showMaterialUpdate":false,"showSkybox":false,"showFlares":true,"showImageEffects":true,"showParticleSystems":true},"in2DMode":false,"pivot":{"x":51.95647430419922,"y":4.461914539337158,"z":-10.237998008728028},"rotation":{"x":-0.1698453277349472,"y":-0.8234331607818604,"z":0.3182569444179535,"w":-0.4383026659488678},"size":9.488141059875489,"orthographic":false}