{"cameraMode":{"drawMode":0,"name":"Shaded","section":"Shading Mode"},"sceneLighting":false,"audioPlay":false,"sceneViewState":{"showFog":true,"showMaterialUpdate":false,"showSkybox":false,"showFlares":true,"showImageEffects":true,"showParticleSystems":true},"in2DMode":false,"pivot":{"x":47.22727966308594,"y":-1.4318132400512696,"z":26.694536209106447},"rotation":{"x":0.35515302419662478,"y":-0.6010993719100952,"z":0.338856041431427,"w":0.6308894157409668},"size":12.479545593261719,"orthographic":false}