{"cameraMode":{"drawMode":0,"name":"Shaded","section":"Shading Mode"},"sceneLighting":false,"audioPlay":false,"sceneViewState":{"showFog":true,"showMaterialUpdate":false,"showSkybox":false,"showFlares":true,"showImageEffects":true,"showParticleSystems":true},"in2DMode":false,"pivot":{"x":-12.396269798278809,"y":0.8265300393104553,"z":0.15457665920257569},"rotation":{"x":0.24406731128692628,"y":0.1996769905090332,"z":-0.05124332010746002,"w":0.947763204574585},"size":2.3183653354644777,"orthographic":false}