{"cameraMode":{"drawMode":0,"name":"Shaded","section":"Shading Mode"},"sceneLighting":false,"audioPlay":false,"sceneViewState":{"showFog":true,"showMaterialUpdate":false,"showSkybox":false,"showFlares":true,"showImageEffects":true,"showParticleSystems":true},"in2DMode":false,"pivot":{"x":4.266995429992676,"y":4.469209671020508,"z":17.67205810546875},"rotation":{"x":0.034916482865810397,"y":-0.9603158235549927,"z":0.23837865889072419,"w":0.14070062339305879},"size":3.324744701385498,"orthographic":false}