{"cameraMode":{"drawMode":0,"name":"Shaded","section":"Shading Mode"},"sceneLighting":false,"audioPlay":false,"sceneViewState":{"showFog":true,"showMaterialUpdate":false,"showSkybox":false,"showFlares":true,"showImageEffects":true,"showParticleSystems":true},"in2DMode":false,"pivot":{"x":59.75,"y":3.196216106414795,"z":-0.01665496826171875},"rotation":{"x":-0.26135462522506716,"y":0.46011894941329958,"z":-0.14404959976673127,"w":-0.836322009563446},"size":62.52736282348633,"orthographic":false}