{"cameraMode":{"drawMode":0,"name":"Shaded","section":"Shading Mode"},"sceneLighting":false,"audioPlay":false,"sceneViewState":{"showFog":true,"showMaterialUpdate":false,"showSkybox":false,"showFlares":true,"showImageEffects":true,"showParticleSystems":true},"in2DMode":false,"pivot":{"x":-0.22903719544410706,"y":0.9915342926979065,"z":0.44037818908691409},"rotation":{"x":-0.15315519273281098,"y":-0.3995561897754669,"z":0.06787146627902985,"w":-0.9012998342514038},"size":0.9621769785881043,"orthographic":false}