{"cameraMode":{"drawMode":0,"name":"Shaded","section":"Shading Mode"},"sceneLighting":false,"audioPlay":false,"sceneViewState":{"showFog":true,"showMaterialUpdate":false,"showSkybox":true,"showFlares":true,"showImageEffects":true,"showParticleSystems":true},"in2DMode":false,"pivot":{"x":48.19293975830078,"y":77.931884765625,"z":156.25689697265626},"rotation":{"x":0.323496550321579,"y":-0.5974438190460205,"z":0.286855548620224,"w":0.6756834983825684},"size":59.7913932800293,"orthographic":false}