{"cameraMode":{"drawMode":0,"name":"Shaded","section":"Shading Mode"},"sceneLighting":false,"audioPlay":false,"sceneViewState":{"showFog":true,"showMaterialUpdate":false,"showSkybox":false,"showFlares":true,"showImageEffects":true,"showParticleSystems":true},"in2DMode":false,"pivot":{"x":-9.104949951171875,"y":2.9100000858306886,"z":0.4746999740600586},"rotation":{"x":0.02253049425780773,"y":-0.9730475544929504,"z":0.20136548578739167,"w":0.11122899502515793},"size":2.122600555419922,"orthographic":false}